Provider,Card Name,Network
SBI Card,SBI Card AURUM,"Visa, Mastercard"
SBI Card,SBI Card ELITE,"Visa, Mastercard, RuPay, American Express"
SBI Card,SBI Card PRIME,"Visa, Mastercard, RuPay, American Express"
SBI Card,SBI Card Pulse,"Visa, Mastercard"
SBI Card,Doctor's SBI Card,Visa
SBI Card,SBI Card MILES,"Mastercard, RuPay"
SBI Card,SBI Card MILES PRIME,"Mastercard, RuPay"
SBI Card,SBI Card MILES ELITE,"Mastercard, RuPay"
SBI Card,Club Vistara SBI Card PRIME,Mastercard
SBI Card,Air India SBI Signature Credit Card,Visa
SBI Card,Air India SBI Platinum Credit Card,Visa
SBI Card,IRCTC SBI Premier Credit Card,Visa
SBI Card,IRCTC SBI Platinum Credit Card,"Visa, RuPay"
SBI Card,IRCTC SBI RuPay Credit Card,RuPay
SBI Card,Etihad Guest SBI Premier Card,Visa
SBI Card,KrisFlyer SBI Card,"Mastercard, American Express"
SBI Card,KrisFlyer SBI Card Apex,"Mastercard, American Express"
SBI Card,Flipkart SBI Credit Card,Visa
SBI Card,SimplyCLICK SBI Card,Visa
SBI Card,SimplySAVE SBI Card,"Visa, RuPay"
SBI Card,Tata Neu Infinity SBI Card,"Visa, RuPay"
SBI Card,Tata Neu Plus SBI Card,"Visa, RuPay"
SBI Card,Titan SBI Card,"Visa, RuPay"
SBI Card,Apollo SBI SELECT Credit Card,"Mastercard, RuPay"
SBI Card,Reliance SBI Card PRIME,"Mastercard, RuPay"
SBI Card,Reliance SBI Card,"Visa, RuPay"
SBI Card,Cashback SBI Card,"Visa, Mastercard"
SBI Card,BPCL SBI Card OCTANE,"Visa, RuPay"
SBI Card,BPCL SBI Credit Card,Visa
SBI Card,Paytm SBI Credit Card,Visa
SBI Card,Paytm SBI SELECT Credit Card,Visa
SBI Card,PhonePe SBI SELECT BLACK Credit Card,RuPay
SBI Card,Shaurya SBI Card,RuPay
SBI Card,Shaurya Select SBI Card,RuPay
SBI Card,SBI Card Unnati,"Visa, Mastercard"
SBI Card,SBI Card PRIME Business,"Visa, Mastercard"
SBI Card,SBI Card ELITE Business,"Visa, Mastercard"
SBI Card,Central Bank of India SBI Card ELITE,Visa
SBI Card,UCO Bank SBI Card ELITE,Visa
SBI Card,PSB SBI Card ELITE,Visa
SBI Card,KVB SBI Card ELITE,Visa
SBI Card,KVB SBI Signature Card,Visa
SBI Card,City Union Bank SBI Card PRIME,Visa
HDFC Bank,HDFC Bank Infinia Metal Edition Credit Card,"Visa, Mastercard"
HDFC Bank,HDFC Bank Diners Club Black Metal Edition Credit Card,Diners Club
HDFC Bank,HDFC Bank Diners Club Black Credit Card,Diners Club
HDFC Bank,HDFC Bank Regalia Gold Credit Card,"Mastercard, RuPay"
HDFC Bank,HDFC Bank Regalia Credit Card,"Visa, Mastercard"
HDFC Bank,HDFC Bank Diners Club Privilege Credit Card,Diners Club
HDFC Bank,HDFC Bank Millennia Credit Card,"Visa, Mastercard, Diners Club"
HDFC Bank,HDFC Bank MoneyBack+ Credit Card,"Visa, Mastercard"
HDFC Bank,HDFC Bank MoneyBack Credit Card,Visa
HDFC Bank,HDFC Bank Diners ClubMiles Credit Card,Diners Club
HDFC Bank,HDFC Bank Diners Club Rewardz Credit Card,Diners Club
HDFC Bank,HDFC Bank EasyEMI Credit Card,Visa
HDFC Bank,HDFC Bank Freedom Credit Card,Visa
HDFC Bank,HDFC Bank Freedom RuPay Credit Card,RuPay
HDFC Bank,Tata Neu Infinity HDFC Bank Credit Card,"Visa, RuPay"
HDFC Bank,Tata Neu Plus HDFC Bank Credit Card,Visa
HDFC Bank,Swiggy HDFC Bank Credit Card,Mastercard
HDFC Bank,IndianOil HDFC Bank Credit Card,"Visa, RuPay"
HDFC Bank,Marriott Bonvoy HDFC Bank Credit Card,Diners Club
HDFC Bank,6E Rewards IndiGo HDFC Bank Credit Card,Visa
HDFC Bank,6E Rewards XL IndiGo HDFC Bank Credit Card,Mastercard
HDFC Bank,IRCTC HDFC Bank Credit Card,RuPay
HDFC Bank,PhonePe HDFC Bank Uno Credit Card,RuPay
HDFC Bank,PhonePe HDFC Bank Ultimo Credit Card,RuPay
HDFC Bank,HDFC Best Price Save Max Credit Card,Visa
HDFC Bank,HDFC Bank HOG Diners Club Credit Card,Diners Club
HDFC Bank,HDFC Bank PIXEL Play Credit Card,"Visa, RuPay"
HDFC Bank,HDFC Bank PIXEL Go Credit Card,"Visa, RuPay"
HDFC Bank,HDFC Bank UPI RuPay Credit Card,RuPay
HDFC Bank,HDFC Bank BizBlack Metal Credit Card,Visa
HDFC Bank,HDFC Bank BizPower Credit Card,Visa
HDFC Bank,HDFC Bank BizGrow Credit Card,Visa
HDFC Bank,HDFC Bank BizFirst Credit Card,Visa
HDFC Bank,HDFC Bank GIGA Business Credit Card,Visa
HDFC Bank,HDFC Bank Business Regalia Credit Card,"Visa, Mastercard"
HDFC Bank,HDFC Bank Business MoneyBack Credit Card,Visa
HDFC Bank,HDFC Bank Small Business MoneyBack Credit Card,Visa
HDFC Bank,HDFC Bank Doctor's Regalia Credit Card,Visa
HDFC Bank,HDFC Bank Doctor's Superia Credit Card,Visa
HDFC Bank,HDFC Bank Teacher's Platinum Credit Card,Visa
HDFC Bank,HDFC Bharat Credit Card,RuPay
HDFC Bank,HDFC Bank World Mastercard Credit Card,Mastercard
HDFC Bank,HDFC Bank Platinum Times Credit Card,Visa
HDFC Bank,HDFC Bank Platinum Edge Credit Card,Visa
HDFC Bank,HDFC Bank Solitaire Credit Card,Visa
HDFC Bank,HDFC Best Price Save Smart Credit Card,Visa
ICICI Bank,ICICI Bank Platinum Chip Credit Card,Visa
ICICI Bank,ICICI Bank Coral Credit Card,"Visa, RuPay"
ICICI Bank,ICICI Bank Rubyx Credit Card,"Mastercard, American Express, Visa, RuPay"
ICICI Bank,ICICI Bank Sapphiro Credit Card,"Mastercard, American Express, RuPay"
ICICI Bank,ICICI Bank Emeralde Credit Card,"Mastercard, American Express"
ICICI Bank,ICICI Bank Emeralde Private Metal Credit Card,Mastercard
ICICI Bank,Amazon Pay ICICI Bank Credit Card,Visa
ICICI Bank,MakeMyTrip ICICI Bank Credit Card,"Mastercard, RuPay"
ICICI Bank,Emirates Skywards ICICI Bank Emeralde Credit Card,Visa
ICICI Bank,Emirates Skywards ICICI Bank Sapphiro Credit Card,Visa
ICICI Bank,Emirates Skywards ICICI Bank Rubyx Credit Card,Visa
ICICI Bank,Adani One ICICI Bank Signature Credit Card,Visa
ICICI Bank,Adani One ICICI Bank Platinum Credit Card,Visa
ICICI Bank,InterMiles ICICI Bank Sapphiro Credit Card,"Visa, American Express"
ICICI Bank,InterMiles ICICI Bank Rubyx Credit Card,"Visa, American Express"
ICICI Bank,InterMiles ICICI Bank Coral Credit Card,Visa
ICICI Bank,ICICI Bank HPCL Super Saver Credit Card,"Visa, Mastercard, RuPay"
ICICI Bank,ICICI Bank HPCL Coral Credit Card,Visa
ICICI Bank,ICICI Bank HPCL Coral American Express Credit Card,American Express
ICICI Bank,ICICI Bank Manchester United Signature Credit Card,Visa
ICICI Bank,ICICI Bank Manchester United Platinum Credit Card,Visa
ICICI Bank,ICICI Bank Ferrari Signature Credit Card,Visa
ICICI Bank,ICICI Bank Ferrari Platinum Credit Card,Visa
ICICI Bank,ICICI Bank Parakram Credit Card,Visa
ICICI Bank,ICICI Bank Parakram Select Credit Card,Visa
ICICI Bank,ICICI Bank Secured Coral Credit Card,Visa
ICICI Bank,ICICI Bank Secured Rubyx Credit Card,Visa
ICICI Bank,ICICI Bank NRI Coral Credit Card,Visa
ICICI Bank,ICICI Bank Visa Signature Credit Card,Visa
Axis Bank,Axis Bank PRIMUS Credit Card,Visa
Axis Bank,Burgundy Private The One Card,Visa
Axis Bank,Axis Bank Reserve Credit Card,Visa
Axis Bank,Axis Bank Magnus for Burgundy Credit Card,Mastercard
Axis Bank,Axis Bank Olympus Credit Card,Visa
Axis Bank,Axis Bank Magnus Credit Card,"Visa, Mastercard"
Axis Bank,Axis Bank Atlas Credit Card,Visa
Axis Bank,Axis Bank Horizon Credit Card,"Visa, Mastercard"
Axis Bank,Axis Bank Select Credit Card,"Visa, Mastercard"
Axis Bank,Axis Bank Privilege Credit Card,"Visa, Mastercard"
Axis Bank,Flipkart Axis Bank Credit Card,"Visa, Mastercard"
Axis Bank,Flipkart Super Elite Credit Card,Visa
Axis Bank,Axis Bank ACE Credit Card,Visa
Axis Bank,Airtel Axis Bank Credit Card,Visa
Axis Bank,Samsung Axis Bank Signature Credit Card,Visa
Axis Bank,Samsung Axis Bank Infinite Credit Card,Visa
Axis Bank,IndianOil Axis Bank Credit Card,"Visa, Mastercard, RuPay"
Axis Bank,IndianOil Axis Bank Premium Credit Card,Mastercard
Axis Bank,Axis Bank Vistara Credit Card,Visa
Axis Bank,Axis Bank Vistara Signature Credit Card,Visa
Axis Bank,Axis Bank Vistara Infinite Credit Card,Visa
Axis Bank,Miles and More Axis Bank World Credit Card,Mastercard
Axis Bank,Miles and More Axis Bank World Select Credit Card,Mastercard
Axis Bank,SpiceJet Voyage Axis Bank Credit Card,Visa
Axis Bank,SpiceJet Voyage Black Axis Bank Credit Card,Visa
Axis Bank,Fibe Axis Bank Credit Card,"Visa, RuPay"
Axis Bank,Axis Bank Freecharge Credit Card,"Visa, Mastercard"
Axis Bank,Axis Bank Freecharge Plus Credit Card,"Visa, Mastercard"
Axis Bank,Axis Bank SuperMoney RuPay Credit Card,RuPay
Axis Bank,Shoppers Stop Axis Bank Credit Card,"Visa, Mastercard"
Axis Bank,IKEA Family Credit Card by Axis Bank,"Visa, Mastercard"
Axis Bank,Google Pay Flex Axis Bank Credit Card,"Visa, RuPay"
Axis Bank,LIC Axis Bank Credit Card,"Visa, RuPay"
Axis Bank,IndiGo Axis Bank Credit Card,"Visa, RuPay"
Axis Bank,IndiGo Axis Bank Premium Credit Card,"Visa, RuPay"
Axis Bank,Axis Bank Rewards Credit Card,"Visa, Mastercard, RuPay"
Axis Bank,Axis Bank Cashback Credit Card,Visa
Axis Bank,Axis Bank Aura Credit Card,Visa
Axis Bank,Axis Bank Neo Credit Card,"Visa, Mastercard, RuPay"
Axis Bank,Axis Bank MY Zone Credit Card,"Visa, Mastercard"
Axis Bank,Pride Platinum Credit Card,Visa
Axis Bank,Pride Signature Credit Card,Visa
Axis Bank,Axis Bank Kwik Credit Card,RuPay
Axis Bank,Secured Gold Credit Card,Visa
Axis Bank,Secured Silver Credit Card,Visa
Axis Bank,Platinum Secured Credit Card,Visa
Axis Bank,Insta Easy Credit Card,"Visa, RuPay"
Axis Bank,MY Zone Easy Credit Card,"Visa, Mastercard, RuPay"
Axis Bank,IndianOil Easy Credit Card,"Visa, RuPay"
Axis Bank,Flipkart Secured Credit Card,Visa
Axis Bank,Privilege Easy Credit Card,Visa
Kotak Mahindra Bank,Kotak 811 Credit Card,"Visa, RuPay"
Kotak Mahindra Bank,Kotak 811 #Dream Different Credit Card,Visa
Kotak Mahindra Bank,Kotak 811 Super Money Credit Card,Visa
Kotak Mahindra Bank,League Platinum Credit Card,"Visa, RuPay"
Kotak Mahindra Bank,Royale Signature Credit Card,Visa
Kotak Mahindra Bank,Zen Signature Credit Card,"Visa, Mastercard, RuPay"
Kotak Mahindra Bank,White Signature Credit Card,Visa
Kotak Mahindra Bank,White Reserve Credit Card,Visa
Kotak Mahindra Bank,Kotak Solitaire Credit Card,Visa
Kotak Mahindra Bank,Kotak Signature Credit Card,Visa
Kotak Mahindra Bank,Kotak Infinite Credit Card,Visa
Kotak Mahindra Bank,Privy League Signature Credit Card,Visa
Kotak Mahindra Bank,Mojo Platinum Credit Card,Visa
Kotak Mahindra Bank,Kotak Air Credit Card,Visa
Kotak Mahindra Bank,Kotak Air+ Credit Card,Visa
Kotak Mahindra Bank,Kotak Cashback+ Credit Card,Visa
Kotak Mahindra Bank,6E Rewards IndiGo Kotak Credit Card,"Visa, RuPay"
Kotak Mahindra Bank,6E Rewards XL IndiGo Kotak Credit Card,Visa
Kotak Mahindra Bank,IndiGo Kotak Credit Card,"Visa, RuPay"
Kotak Mahindra Bank,IndiGo Kotak XL Credit Card,Visa
Kotak Mahindra Bank,IndianOil Kotak Credit Card,"RuPay, Visa"
Kotak Mahindra Bank,Metro Kotak Credit Card,RuPay
Kotak Mahindra Bank,Kotak UPI RuPay Virtual Credit Card,RuPay
Kotak Mahindra Bank,PVR INOX Credit Card,Visa
Kotak Mahindra Bank,PVR Gold Credit Card,Visa
Kotak Mahindra Bank,PVR Platinum Credit Card,Visa
Kotak Mahindra Bank,Veer Platinum Credit Card,RuPay
Kotak Mahindra Bank,Veer Select Credit Card,RuPay
Kotak Mahindra Bank,NRI Royale Signature Credit Card,Visa
Kotak Mahindra Bank,Kotak BIZ Credit Card,Visa
Kotak Mahindra Bank,Delight Platinum Credit Card,Visa
Kotak Mahindra Bank,Essentia Platinum Credit Card,Visa
Kotak Mahindra Bank,Feast Gold Credit Card,Visa
Kotak Mahindra Bank,Fortune Gold Credit Card,Visa
Kotak Mahindra Bank,Urbane Gold Credit Card,Visa
Kotak Mahindra Bank,Silk Inspire Platinum Credit Card,Visa
Kotak Mahindra Bank,Myntra Kotak Credit Card,Visa
IndusInd Bank,IndusInd Bank Legend Credit Card,Visa
IndusInd Bank,IndusInd Bank Pinnacle World Credit Card,Mastercard
IndusInd Bank,IndusInd Bank Nexxt Credit Card,Visa
IndusInd Bank,IndusInd Bank Tiger Credit Card,Visa
IndusInd Bank,IndusInd Bank Platinum Aura Edge Credit Card,"Visa, Mastercard"
IndusInd Bank,IndusInd Bank Platinum Visa Credit Card,Visa
IndusInd Bank,IndusInd Bank Platinum RuPay Credit Card,RuPay
IndusInd Bank,IndusInd Bank Samman RuPay Credit Card,RuPay
IndusInd Bank,EazyDiner IndusInd Bank Signature Credit Card,Visa
IndusInd Bank,EazyDiner IndusInd Bank Platinum Credit Card,Visa
IndusInd Bank,IndusInd Bank Avios Visa Infinite Credit Card,Visa
IndusInd Bank,IndusInd Bank Secured Credit Card,Visa
IndusInd Bank,IndusInd Bank Indulge Credit Card,Visa
IndusInd Bank,IndusInd Bank Celesta Credit Card,Visa
IndusInd Bank,IndusInd Bank Pioneer Legacy Credit Card,Visa
IndusInd Bank,IndusInd Bank Pioneer Heritage Credit Card,"Visa, Mastercard"
IndusInd Bank,IndusInd Bank Crest Credit Card,Visa
IndusInd Bank,CRED IndusInd Bank RuPay Credit Card,RuPay
IndusInd Bank,Jio-bp IndusInd Bank Credit Card,Visa
IndusInd Bank,IndusInd Bank Duo Card,"Visa, Mastercard"
Yes Bank,YES Private Credit Card,Visa
Yes Bank,YES Private Prime Credit Card,"Visa, Mastercard"
Yes Bank,YES MARQUÉE Credit Card,Visa
Yes Bank,YES RESERV Credit Card,"Visa, Mastercard"
Yes Bank,YES ELITE+ Credit Card,"Visa, Mastercard"
Yes Bank,YES ACE Credit Card,"Visa, Mastercard"
Yes Bank,YES SELECT Credit Card,"Visa, Mastercard"
Yes Bank,YES Wellness Plus Credit Card,Mastercard
Yes Bank,YES Bank RuPay FinBooster Credit Card,RuPay
Yes Bank,YES Bank Paisabazaar PaisaSave Credit Card,"Mastercard, RuPay"
Yes Bank,YES Bank POP-CLUB Credit Card,RuPay
Yes Bank,YES ZAGG Credit Card,"Visa, Mastercard"
Yes Bank,YES First Business Credit Card,"Visa, Mastercard"
Yes Bank,YES Prosperity Business Credit Card,"Visa, Mastercard"
IDFC First Bank,Gaj Credit Card,Mastercard
IDFC First Bank,Mayura Metal Credit Card,Mastercard
IDFC First Bank,Ashva Metal Credit Card,Visa
IDFC First Bank,FIRST Private Credit Card,Visa
IDFC First Bank,FIRST Classic Credit Card,Visa
IDFC First Bank,FIRST Millennia Credit Card,Visa
IDFC First Bank,FIRST Select Credit Card,Visa
IDFC First Bank,FIRST Wealth Credit Card,Visa
IDFC First Bank,FIRST WOW! Credit Card,Visa
IDFC First Bank,Diamond Reserve Credit Card,Visa
IDFC First Bank,FIRST WOW! Black Credit Card,"Mastercard, RuPay"
IDFC First Bank,IndiGo IDFC FIRST Dual Credit Card,"Visa, RuPay"
IDFC First Bank,Club Vistara IDFC FIRST Credit Card,Visa
IDFC First Bank,FIRST SWYP Credit Card,Visa
IDFC First Bank,LIC Classic Credit Card,Mastercard
IDFC First Bank,LIC Select Credit Card,Mastercard
IDFC First Bank,FIRST Power Credit Card (HPCL),RuPay
IDFC First Bank,FIRST Power+ Credit Card (HPCL),RuPay
IDFC First Bank,FIRST EA₹N Credit Card,RuPay
IDFC First Bank,FIRST Digital Credit Card,RuPay
RBL Bank,RBL Bank Lumière Credit Card,Mastercard
RBL Bank,RBL Bank Nova Credit Card,Mastercard
RBL Bank,RBL Bank Insignia Preferred Banking World Credit Card,Mastercard
RBL Bank,RBL Bank iGlobe Credit Card,Mastercard
RBL Bank,RBL Bank World Xclusive Credit Card,Mastercard
RBL Bank,RBL Bank Signature Banking Credit Card,"Mastercard, Visa"
RBL Bank,RBL Bank Aspire Banking Credit Card,"Mastercard, Visa"
RBL Bank,RBL Bank World Safari Credit Card,Mastercard
RBL Bank,RBL Bank World Safari Lite Credit Card,Mastercard
RBL Bank,RBL Bank World Safari Plus Credit Card,Mastercard
RBL Bank,RBL Bank Platinum TravelEasy Credit Card,"Mastercard, Visa"
RBL Bank,RBL Bank Icon Credit Card,Mastercard
RBL Bank,RBL Bank Platinum Maxima Credit Card,"Mastercard, Visa"
RBL Bank,RBL Bank Platinum Maxima Plus Credit Card,"Mastercard, Visa"
RBL Bank,RBL Bank Platinum Delight Credit Card,"Mastercard, Visa"
RBL Bank,RBL Bank Titanium Delight Credit Card,"Mastercard, Visa"
RBL Bank,RBL Bank Monthly Treats Credit Card,"Mastercard, Visa"
RBL Bank,RBL Bank Cookies Credit Card,"Mastercard, Visa"
RBL Bank,RBL Bank ShopRite Credit Card,"Mastercard, Visa, RuPay"
RBL Bank,RBL Bank Movies and More Credit Card,Mastercard
RBL Bank,BookMyShow RBL Bank Play Credit Card,"Mastercard, Visa"
RBL Bank,IndianOil RBL Bank Credit Card,"Mastercard, RuPay"
RBL Bank,IndianOil RBL Bank XTRA Credit Card,"Mastercard, RuPay"
RBL Bank,IRCTC RBL Bank Credit Card,RuPay
RBL Bank,Zomato Edition RBL Bank Credit Card,Mastercard
RBL Bank,RBL Bank BankBazaar SaveMax Credit Card,"Mastercard, Visa, RuPay"
RBL Bank,RBL Bank BankBazaar SaveMax Plus Credit Card,"Mastercard, Visa"
RBL Bank,RBL Bank Paisabazaar Duet Credit Card,"Mastercard, Visa"
AU Small Finance Bank,AU Zenith+ Credit Card,Visa
AU Small Finance Bank,AU Zenith Credit Card,Visa
AU Small Finance Bank,AU Vetta Credit Card,Visa
AU Small Finance Bank,AU Altura Plus Credit Card,Visa
AU Small Finance Bank,AU Altura Credit Card,Visa
AU Small Finance Bank,AU Spont Credit Card,Visa
AU Small Finance Bank,AU Bank LIT Credit Card,Visa
AU Small Finance Bank,AU Nomo Credit Card,Visa
AU Small Finance Bank,ixigo AU Credit Card,"Visa, RuPay"
AU Small Finance Bank,Aditya Birla Finance AU ABC FLEX Credit Card,"Visa, RuPay"
AU Small Finance Bank,Aditya Birla Finance AU ABC NXT Credit Card,"Visa, RuPay"
AU Small Finance Bank,Aditya Birla Finance AU ABC PRO Credit Card,"Visa, RuPay"
AU Small Finance Bank,AU Bank InstaPay Credit Card,RuPay
AU Small Finance Bank,AU Bank Xcite Ace Credit Card,Visa
AU Small Finance Bank,AU Bank Xcite Ultra Credit Card,Visa
AU Small Finance Bank,AU Business Cashback Credit Card,RuPay
American Express,American Express Platinum Card,American Express
American Express,American Express Platinum Reserve Credit Card,American Express
American Express,American Express Platinum Travel Credit Card,American Express
American Express,American Express Gold Card,American Express
American Express,American Express Membership Rewards Credit Card,American Express
American Express,American Express SmartEarn Credit Card,American Express
Standard Chartered,Standard Chartered Beyond Credit Card,Visa
Standard Chartered,Standard Chartered Ultimate Credit Card,Visa
Standard Chartered,Standard Chartered Priority Visa Infinite Credit Card,Visa
Standard Chartered,Standard Chartered Emirates World Credit Card,Mastercard
Standard Chartered,Standard Chartered Rewards Credit Card,Visa
Standard Chartered,Standard Chartered EaseMyTrip Credit Card,Visa
Standard Chartered,Standard Chartered Smart Credit Card,Visa
Standard Chartered,Standard Chartered Platinum Rewards Credit Card,Visa
Standard Chartered,Standard Chartered Super Value Titanium Credit Card,Visa
Standard Chartered,Standard Chartered Manhattan Credit Card,Visa
Standard Chartered,Standard Chartered DigiSmart Credit Card,Visa
HSBC India,HSBC Taj Credit Card,Visa
HSBC India,HSBC Premier Credit Card,Mastercard
HSBC India,HSBC TravelOne Credit Card,Mastercard
HSBC India,HSBC Live+ Credit Card,Visa
HSBC India,HSBC Visa Platinum Credit Card,Visa
HSBC India,HSBC RuPay Platinum Credit Card,RuPay
HSBC India,HSBC RuPay Cashback Credit Card,RuPay
Punjab National Bank,PNB Visa Classic Credit Card,Visa
Punjab National Bank,PNB Visa Gold Credit Card,Visa
Punjab National Bank,PNB Global Platinum Credit Card,Visa
Punjab National Bank,PNB Wave & Pay Credit Card,Visa
Punjab National Bank,PNB RuPay Platinum Credit Card,RuPay
Punjab National Bank,PNB RuPay Millennial Credit Card,RuPay
Punjab National Bank,PNB RuPay Select Credit Card,RuPay
Punjab National Bank,PNB Rakshak Plus RuPay Platinum Credit Card,RuPay
Punjab National Bank,PNB Rakshak Plus RuPay Select Credit Card,RuPay
Punjab National Bank,PNB EMT RuPay Platinum Credit Card (EaseMyTrip),RuPay
Punjab National Bank,PNB Patanjali RuPay Credit Card,RuPay
Bank of Baroda,BOBCARD Easy Credit Card,Visa
Bank of Baroda,BOBCARD Select Credit Card,Visa
Bank of Baroda,BOBCARD Premier Credit Card,Visa
Bank of Baroda,BOBCARD Eterna Credit Card,"RuPay, Mastercard"
Bank of Baroda,BOBCARD Prime Credit Card,Visa
Bank of Baroda,BOBCARD Tiara Credit Card,RuPay
Bank of Baroda,BOBCARD Vikram Credit Card,RuPay
Bank of Baroda,BOBCARD ICAI Exclusive Credit Card,Mastercard
Bank of Baroda,BOBCARD ICMAI Credit Card,Mastercard
Bank of Baroda,BOBCARD HPCL Credit Card,RuPay
Bank of Baroda,BOBCARD Etihad Guest Premium Credit Card,"Visa, Mastercard"
Bank of Baroda,BOBCARD Shakti Credit Card,RuPay
Bank of Baroda,BOBCARD Corporate Credit Card,Visa
Bank of Baroda,BOBCARD Empower Credit Card,Visa
Bank of Baroda,BOBCARD Nainital Bank Credit Card,Visa
Bank of Baroda,BOBCARD RRB Credit Card,RuPay
Union Bank of India,Union Bank Visa Signature Credit Card,Visa
Union Bank of India,Union Bank Visa Platinum Credit Card,Visa
Union Bank of India,Union Bank Visa Gold Credit Card,Visa
Union Bank of India,Union Bank RuPay Select Credit Card,RuPay
Union Bank of India,Union Bank RuPay Platinum Credit Card,RuPay
Union Bank of India,Union JCB Wellness Credit Card,JCB
Union Bank of India,Union JCB Health Credit Card,JCB
Union Bank of India,Union UNI CARBON Credit Card (HPCL),RuPay
Union Bank of India,Union Sparsh Credit Card,RuPay
Union Bank of India,Union Bank Secured Credit Card,RuPay
Canara Bank,Canara Bank Visa Classic Credit Card,Visa
Canara Bank,Canara Bank Visa Gold Credit Card,Visa
Canara Bank,Canara Bank Visa Platinum Credit Card,Visa
Canara Bank,Canara Bank Mastercard World Credit Card,Mastercard
Canara Bank,Canara Bank RuPay Platinum Credit Card,RuPay
Canara Bank,Canara Bank RuPay Select Credit Card,RuPay
Canara Bank,Canara Bank RuPay Select Secured Credit Card,RuPay
Bank of India,Bank of India Visa Gold International Credit Card,Visa
Bank of India,Bank of India Visa Platinum International Credit Card,Visa
Bank of India,Bank of India RuPay Select Credit Card,RuPay
Bank of India,Bank of India RuPay Swadhan Platinum Credit Card,RuPay
Bank of India,Bank of India Celestia RuPay Ekaa Credit Card,RuPay
Bank of India,Bank of India Navy Classic Credit Card,Visa
Bank of India,Bank of India Navy Gold Credit Card,Visa
Indian Bank,Indian Bank Visa Bharat Credit Card,Visa
Indian Bank,Indian Bank Global Classic Credit Card,Visa
Indian Bank,Indian Bank Global Gold Credit Card,Visa
Indian Bank,Indian Bank Visa Platinum Credit Card,Visa
Indian Bank,Indian Bank Visa Business Credit Card,Visa
Indian Bank,Indian Bank RuPay Classic Credit Card,RuPay
Indian Bank,Indian Bank RuPay Platinum Credit Card,RuPay
Indian Bank,Indian Bank RuPay Select Credit Card,RuPay
Central Bank of India,Central Bank of India SimplySAVE SBI Card,Visa
Central Bank of India,Central Bank of India Prime SBI Card,Visa
Central Bank of India,Central Bank of India Elite SBI Card,Visa
Central Bank of India,Central Bank of India World Credit Card,Mastercard
Central Bank of India,Central Bank of India Titanium Credit Card,Mastercard
Central Bank of India,Central Bank of India Visa Aspire Credit Card,Visa
Central Bank of India,Central Bank of India RuPay Select Credit Card,RuPay
Federal Bank,Federal Bank Visa Signet Credit Card,Visa
Federal Bank,Federal Bank Visa Imperio Credit Card,Visa
Federal Bank,Federal Bank Visa Celesta Credit Card,Visa
Federal Bank,Federal Bank Mastercard Celesta Credit Card,Mastercard
Federal Bank,Federal Bank RuPay Signet Credit Card,RuPay
Federal Bank,Federal Bank RuPay Wave Credit Card,RuPay
Federal Bank,Federal Bank Scapia Credit Card,Visa
South Indian Bank,South Indian Bank SimplySAVE SBI Card,"Visa, RuPay, Mastercard"
South Indian Bank,South Indian Bank SBI Platinum Credit Card,Visa
South Indian Bank,SIB One Co-Branded Credit Card (OneCard),Visa
Karnataka Bank,Karnataka Bank SBI Card PRIME,Visa
Karnataka Bank,Karnataka Bank SimplySAVE SBI Card,"Visa, RuPay"
DBS Bank India,DBS Spark5 Credit Card,Visa
DBS Bank India,DBS Spark10 Credit Card,Visa
DBS Bank India,DBS Spark20 Credit Card,Visa
DBS Bank India,DBS Vantage Credit Card,Visa